id,seller_id,sku
130329,1,7205092672705
130330,1,7205963533388
700339,1,4457103453725
700340,1,4456419141753
700341,1,4459057513593
700343,1,4450163844489
700353,1,4451833776017
700356,1,4453212960697
702420,1,4454432702005
702423,1,4451435761428
702427,1,4455110575485
702433,1,4459333334942
702435,1,4458671600276
702437,1,4459384948952
702439,1,4455624715506
702440,1,4452046752973
702499,1,4486752453336
702501,1,4485594559541
702502,1,4487499084272
702504,1,4482821829408
702507,1,4483622694561
702514,1,4485453062182
715771,1,4458250877587
779591,1,4481260666308
779623,1,4482653164968
779661,1,4484662665511
779667,1,4482358701925
779677,1,4483782818418
779741,1,4480757880166
794685,1,8079259603432
794689,1,1183147275230
794693,1,2460345367752
794763,1,2968351546722
914582,1,4455350546719
914588,1,4458947827666
914594,1,4453894484290
914600,1,4456934278934
914606,1,4452289198262
945257,1,5824655324015
945285,1,1926931520723
945301,1,9385997167921
945303,1,4577020349458
952589,1,2082352897963
952591,1,8846314515944
1015726,1,4450125577417
1015730,1,4456499866461
1015732,1,4456189377857
1015736,1,4457915962392
1015738,1,4451048564645
1015742,1,4458610825043
1015746,1,4459078342950
1015748,1,4455392448408
1338971,1,2307601882690
1338973,1,7989268692277
1408703,1,7423353507669
1408707,1,7376490198668
1576261,1,2246660198796
1576263,1,6408868280369
1734489,1,5505121934661
1734493,1,7598453964282
1734495,1,6074777126175
1734503,1,6997589884319
1734505,1,7173515375741
1750495,1,8381463016053
2130489,1,5758935968012
2130491,1,6856723940987
2130495,1,2345212706998
2130497,1,8226746323971
2130499,1,3235629898272
2130501,1,6966014349662
2130503,1,5886719792918
2130525,1,5216883187720
2130527,1,2472673572524
2130531,1,9231723053818
2130535,1,7417107383456
2130537,1,8889351838096
2130539,1,8736137313332
2130541,1,5377278184400
2130543,1,3746206239178
2144181,1,5044622347094
2144183,1,4121664892018
2144185,1,6382662817993
2152135,1,1333970336466
2152137,1,7736095348033
2456069,1,8174286969978
2456073,1,7340305114471
2456083,1,6784269833244
2456085,1,5297178510508
2456087,1,8173242559482
2618265,5417,8302807033673
2618267,5417,8902527561687
2618269,5417,8077728683589
2618271,5417,7658149396831
2618273,5417,2182793478094
2618275,5417,2908992840308
2618277,5417,5778427778059
2618279,5417,1067261051096
2618281,5417,2622954385118
2618285,5417,2807410742159
2618287,5417,3546113278242
2618289,5417,8170910895958
2618291,5417,9785310686397
2618293,5417,3098546053786
2618295,5417,2519862139417
2618297,5417,8853893330424
2618299,5417,4151300332394
2618301,5417,1347206026205
2618321,5417,7421229995855
2618323,5417,3713745213259
2618325,5417,4133672111982
2618327,5417,1685355697564
2618329,5417,2173290809153
2618331,5417,4359882415478
2618345,5417,5505858227579
2618347,5417,2710196179999
2618349,5417,6624940070448
2618351,5417,2885813624791
2618355,5417,7741564145358
2618395,5417,9608424419456
2618431,5417,2151596019957
2618437,5417,7019211666113
2618439,5417,3895056715070
2618441,5417,8454482481932
2645915,2549,7284420534236
2645917,2549,6316840716440
2645919,2549,2939577208473
2645923,2549,9820425079495
2645925,2549,6547843299313
2645927,2549,4629924260268
2716023,5417,7468475598478
2716027,5417,6341156876014
2716029,5417,3545310692714
2730357,5417,9310828580693
2730361,5417,4584582282420
2730369,5417,3833124889117
2730371,5417,7445084335793
2730373,5417,1617523178421
2730375,5417,4577627574154
2730377,5417,7725928791221
2730381,5417,1716776001842
2730383,5417,8816509173747
2730399,5417,9353962548266
2730401,5417,9555675450311
2730403,5417,3403025208371
2730411,5417,4131398686210
2730413,5417,2845040525858
2730417,5417,2644601970775
3555995,5417,3241450122011
3555999,5417,4591961792289
3556003,5417,5685613258465
3556007,5417,8208414525580
3570555,5417,1675544833071
3570559,5417,9751311713370
3570563,5417,6410724568108
3570567,5417,5258274620676
3604749,5417,7424446939787
3604753,5417,2480503026741
3604757,5417,6754900946022
3604761,5417,1698617142283
3604765,5417,3599943047229
3604769,5417,6787125724533
3604773,5417,4452389512890
3604777,5417,7316214590309
3604781,5417,5332932981771
3653711,5417,1318653408968
3653715,5417,3584370219196
3653719,5417,7384075922270
3653723,5417,3090665687941
3656313,1,6307673704360
3656315,1,4493379622847
3656317,1,1758534232327
3951825,5417,7834777342185
3951829,5417,3741007090119
3951833,5417,7888613276950
3951837,5417,7017272648796
3951841,5417,3635915528645
3951845,5417,2844068242945
3951849,5417,1644603054061
3951853,5417,3877162807467
3951857,5417,4633591540424
4612477,5417,8692714072972
4612481,5417,7880729754896
4612485,5417,5515401774696
4612489,5417,2328884080214
4621693,5417,5086292454559
4621697,5417,5110399605023
4621701,5417,8559665733614
5811241,5417,3003711695531
5811245,5417,2743901667047
6348801,329,8149817016995
6348805,329,8535736744178
6348809,329,5040265604402
6348813,329,6234701661930
6348817,329,3235927616257
6592575,1,4717240787177
6592979,1,7480865235152
6593045,1,2781935641848
6634741,5417,1940726981186
6634745,5417,9704292204016
6635727,5417,1816716624541
6635731,5417,4345045778399
6895389,1,1908408302247
6895393,1,5587528498434
6895397,1,8055826547026
6895401,1,4201648834910
7366219,5417,3960868636346
7366223,5417,8856820259706
7366227,5417,8014839023514
7393199,5417,5381492681645
7393203,5417,9166577481947
7408515,5417,4204477906377
7408519,5417,1597700776582
7408523,5417,2872297790333
7466077,5417,8569504188284
7466081,5417,8553325957549
7761903,5417,8368511461409
7761905,5417,9681000305725
7761907,5417,2804632759743
7761909,5417,7782646825843
7761911,5417,3646491775873
7761913,5417,5758611639687
8049427,5417,5085444092205
8049429,5417,6294050438140
8049431,5417,7811554028302
8049434,5417,2346238268309
8049436,5417,6919240418268
8049438,5417,6272519533254
8281091,1,1029345268462
8327599,1,7521631785102
8327601,1,8482332679710
8327603,1,5930473871799
8327605,1,6978443529744
8327614,1,8572833221003
8327616,1,7790616770567
8327618,1,3657281373469
8432742,1,8587106830110
9381400,5417,8556237031574
9381402,5417,2593928851277
9381404,5417,2407499968657
9381406,5417,7334785891380
9381408,5417,7758482855160
9381410,5417,8814389613995
9445392,8437,3952234775230
9445394,8437,2954900404186
9812828,5417,8044588390674
9812830,5417,4428930402859
9812832,5417,7608065425979
9812834,5417,1462082657883
9812836,5417,4626324669226
9812838,5417,1925719544630
9849805,5417,8274815948716
9849807,5417,4929507844282
9849809,5417,6898099984301
9850935,17921,8713171880327
9850937,17921,3685383340287
9850939,17921,2179349706879
9850941,17921,8566082653340
9850943,17921,6861508326207
9850945,17921,3494253996819
9850947,17921,4636885085540
9850949,17921,9608197693312
9850951,17921,5568884153199
9850953,17921,8742242208630
9850955,17921,9264339617013
9850957,17921,5814232138982
9850959,17921,3273762727998
9850961,17921,4085945908631
10055938,61,1464325157747
10055940,61,4403409563644
10055942,61,1404142258487
10071329,5684,7601807342787
10082837,61,1584919159657
10082876,61,7981121521670
10082914,61,9180526199332
10082943,61,4047369409361
10102199,5684,3101286641424
10233947,61,1575667597488
10233949,61,6163344389522
10669583,61,1309928791502
10734198,5417,9543192911552
10734200,5417,9455516041817
10734202,5417,7970566513616
10785237,5417,6788072916385
10785239,5417,5966775407435
11144703,5417,3561654126326
11144705,5417,6770987014836
11221492,5417,8799457190922
11221494,5417,2442203731400
11221496,5417,2143276081835
11221498,5417,5398134225266
11273738,5417,9769574319277
11273740,5417,5807799222157
11273742,5417,8616077934203
11273744,5417,4906070978231
11435628,17921,1807161371555
11435630,17921,2973623526470
11435632,17921,8751881953313
11435634,17921,6444470171862
11435637,17921,3080180940386
11435639,17921,2625965200746
11435641,17921,9413264053537
11435645,17921,6526657176195
11435647,17921,9656498559585
11435649,17921,5506615138596
11435651,17921,7713633968274
11435653,17921,2470483760049
11435655,17921,7221647768372
11435657,17921,8702391044527
11435659,17921,2193753561893
11435661,17921,5626027129927
11435663,17921,6511002619601
11435665,17921,3059890342780
11435667,17921,9608452863450
11435671,17921,1452193284740
11435673,17921,2013900782660
11435675,17921,9584588699210
11435683,17921,4982099000252
11435685,17921,3814915697081
11435688,17921,2581338088048
11435734,17921,7562995598137
11435736,17921,7759735136456
11435739,17921,5000621507396
11435741,17921,6327338826763
11435744,17921,1243456157327
11435746,17921,9280658955636
11435758,17921,9364104451412
11435760,17921,7311318919872
11435787,17921,6119705273856
11435792,17921,5819319721484
11435797,17921,2647815252293
11435808,17921,7304794418809
11435810,17921,3357776187716
11435908,17921,9041831114130
11435910,17921,8984511028765
11488922,1,4404653966021
11488930,1,6389833606462
11728999,61,6333938747698
11729006,61,8430844637865
11729016,61,8341158457189
11729028,61,8946756950294
11729039,61,3492467751934
11729054,61,3014647562538
11729073,61,8327238839762
11729090,61,7342594390338
11729120,61,3621046540519
11729129,61,6922903346143
11729141,61,4448856143438
11729159,61,4765763424840
11737094,5417,8609034048945
11737096,5417,1118239224100
11737098,5417,9691417306680
11737100,5417,2633994468525
11947183,5417,9713017380683
11947185,5417,6767223816194
11963412,7802,2491585184182
11963414,7802,3749074380218
11963416,7802,4466371720439
11963418,7802,4525157251731
12111817,5417,9801364111873
12111819,5417,8261454295882
12112674,17921,1855922061979
12112676,17921,1122334763297
12112698,17921,2009075417490
12112700,17921,5602575119894
12112702,17921,3939728771701
12112704,17921,3286930231449
12112706,17921,6703295138635
12112711,17921,5404797772877
12112713,17921,3906375196218
12112715,17921,3908626547756
12112717,17921,5223360016961
12112719,17921,7834637765369
12112721,17921,7416832482366
12112729,17921,3147301799695
12112731,17921,9433576599936
12112733,17921,9996331623548
12112735,17921,6878371188269
12112737,17921,7932910026814
12112739,17921,3427413601018
12112799,17921,2393815405527
12112801,17921,5559414784631
12367068,28122,6074772261543
12367073,28122,9383842870217
12367075,28122,4470231035199
12367078,28122,6586388854069
12367079,28122,6003533829081
12639080,15437,9962543893079
12639084,15437,4005645720685
12676814,17921,2668244880369
12676816,17921,8721076281453
12676818,17921,6029682180590
12676951,17921,9881312173474
13301211,61,2266589101103
13302284,61,4774428133065
13568319,1,4680352857765
13568321,1,1328257951562
13568323,1,6204908032574
14047017,5417,1374126479149
14047019,5417,1273980336592
14047021,5417,3603688067555
14047023,5417,4342786308960
14071810,5417,8722990998847
14071812,5417,4419155175161
14071814,5417,3566608455248
14071816,5417,6308614535128
14132734,5417,6113011636749
14132736,5417,7006707793101
14459662,5417,3895728025025
14459664,5417,7540963430962
14459666,5417,4880062975333
14459668,5417,1863103557685
14516502,5417,4223956534054
14516504,5417,3538465788111
14524273,5417,6304004101669
14524275,5417,1184457276627
14524277,5417,8054596838341
14524280,5417,2933038922403
14524284,5417,2670985364244
14524286,5417,2722978514812
14536915,5417,4417537573826
14536917,5417,6738478684456
14536919,5417,9724993324622
14536921,5417,1874645576294
14536923,5417,9917377655652
14536925,5417,1502194110217
14685476,61,6223161096277
14685478,61,7620145084890
14685480,61,4803420158810
14685482,61,7406083992592
14685484,61,7972736427938
14702880,5417,1627102428922
14702882,5417,2743224124838
15163052,61,8979997146010
15163056,61,4884899656724
15163073,61,5562665264272
15163078,61,6307827290701
15167140,61,3997633321503
15167146,61,7045911724747
15167152,61,5266358874914
15167165,61,6604899519656
15167167,61,9728916126935
15167169,61,7704551269970
15172657,61,2359005034311
15220474,5417,6707533313075
15220476,5417,4286323826589
15220478,5417,4710067779042
15319337,20624,4333292570538
15319339,20624,4579188657079
15319341,20624,3777597391374
15319343,20624,5265208696942
16085635,5417,4388718200162
16085637,5417,5815447913098
16085639,5417,4597347487015
16085641,5417,2527293774114
16506184,5417,4923834930106
16506187,5417,9538865294452
16506189,5417,9543972829404
16506191,5417,3698380485004
16506193,5417,1736781595457
16506195,5417,5365135759076
16506197,5417,5345949765869
16506199,5417,6246353678822
16506201,5417,2212378316838
16506203,5417,2290516926453
16506205,5417,2593719350736
16506207,5417,5939471611840
16510094,1262,6211132889829
16510096,1262,6514390185789
16510099,1262,4460855076920
16510101,1262,3012454032152
16510150,1262,9846566786269
16510154,1262,9209586490668
16528034,1262,7437359321525
16528036,1262,5204213730470
16554883,1262,4508139711485
16554885,1262,3430974749808
16554887,1262,1465359756418
16554983,1262,8949751518582
16554985,1262,7882206003411
16903426,30627,8313513234216
16903428,30627,8095189022266
17593522,1,5127213134874
17593524,1,1468206390964
17593529,1,9960733434217
17593532,1,9259185088469
17593537,1,4494897134706
17593561,1,2940686573901
17593563,1,9580893576062
19791600,28122,5235072958361
19892056,5417,3470704841242
19892058,5417,5637866297166
19892060,5417,2464888612805
19892062,5417,1881717429143
19892064,5417,7414066939618
19892066,5417,9969336586101
20121338,10158,5040855960567
20121340,10158,9738827220929
20121342,10158,5677455547289
20121344,10158,2937634008196
20266116,61,3797838199484
20858063,61,3715389022396
20858069,61,1623550056700
20858094,61,6838187965232
20858098,61,4597551961349
20858115,61,4069541359059
20858134,61,9752344255363
21439489,61,7725183680629
21439493,61,1277384457938
21439495,61,9787488808793
21439497,61,6893695973629
21439502,61,1737991416792
21439595,5417,8913301317666
21439597,5417,2070841172646
21439599,5417,8554647246991
21439601,5417,2730193044007
22755766,5417,1451108621526
22755768,5417,2808688375452
22755770,5417,1836684128933
22755772,5417,5249485269587
22755774,5417,7151226842561
22755776,5417,6171853220328
22900777,16217,7009207534748
22900779,16217,1852260418168
23302203,61,3192406394160
23302232,61,6538877100010
23302254,61,7408305206562
23302264,61,1381753389963
23302271,61,9448496453879
23421088,61,2147003602072
23421092,61,8263810160896
23421094,61,6116372265030
23421098,61,5593064036498
23421109,5417,4660282638115
23421111,5417,1514121196621
23421113,5417,3773190013552
23421115,5417,7163522704184
23421117,5417,9560531602629
23421119,5417,9701198712751
23421121,5417,1265342789832
23421123,5417,6911313948092
23421125,5417,1058965052557
23828614,5417,6331818334730
23828616,5417,5396383740363
23828618,5417,5960141482699
23982372,1262,8865122517414
24293187,61,2927744012350
24305969,61,4345584141098
24306030,61,3179047905917
24959528,5417,9395566234411
24959530,5417,3068530551864
24959532,5417,7627418884294
24959534,5417,6397133205919
24959536,5417,9315761229319
24959538,5417,3873973199449
24985101,5417,7494456396320
24985103,5417,9662678845874
24985105,5417,3732771200804
24985107,5417,4402113358225
24985109,5417,1918457708150
24985111,5417,8754930341161
24988474,5417,8386113838016
24988476,5417,2687731014810
25190650,61,6448799303515
25190761,61,8288614612280
25190858,61,9047324510410
25190925,61,8665590735897
25190966,61,8020094966121
26036418,12195,2492158296660
26036420,12195,2127966462838
26036422,12195,5355288886354
26036424,12195,6924740056735
26036426,12195,6862379594658
26036428,12195,8146191989037
26036430,12195,3395533029190
26036432,12195,6224559209187
26036434,12195,2793041259893
26036436,12195,2619434791897
26339039,5411,2513859321618
26339182,5411,2701640158196
26339200,5411,2040449610369
26465029,7795,7039585053678
26465031,7795,9944126728121
26465033,7795,2298777378967
26465035,7795,3599654409750
26465037,7795,9982521627434
26465039,7795,3689831753483
26465041,7795,7881007755550
26465043,7795,2729140894789
26465046,7795,1492269198717
27611007,1,1565676694056
27611016,1,5681854052190
27611019,1,6052997071086
27611021,1,6183464840819
28324643,1,2832235515022
28324645,1,4429980076311
28324647,1,8582322240880
29260726,5417,1595067822119
29260729,5417,7133940426036
29260732,5417,6958724388239
29260735,5417,9258845791534
29260738,5417,9379678399381
29260742,5417,2796040978581
29619798,1262,5060641760751
29619911,1262,7740391500347
29619913,1262,3029380338906
29619964,1262,5287901091930
29619967,1262,4014603065447
29619970,1262,1979476949276
29619988,1262,1418837042862
29620001,1262,4325562602704
29635759,1262,4027445584366
29635762,1262,6579491013638
30150286,5417,9918197088491
30150288,5417,2674495704613
30150290,5417,2094620277308
31276272,20741,6804832640540
31276274,20741,6101941502036
31276276,20741,9066602958546
31276278,20741,8740158676697
31276280,20741,2882818755987
31276282,20741,9451489512224
31276284,20741,2477594694560
31276286,20741,1634076828498
31276288,20741,8443574640937
31276290,20741,4664234150489
31276292,20741,8287921878556
31276294,20741,9523265459655
31276846,6837,2028082724803
31276848,6837,1280015736982
31276850,6837,8588542797296
31276852,6837,1215312451955
31276854,6837,7724162654286
31276856,6837,8278304001746
31276858,6837,3680968377511
31276860,6837,6129975288863
31276862,6837,8292945641703
31276864,6837,6327762120093
31276866,6837,1243804261225
31276868,6837,9477284525924
31277350,23136,4224174587105
31277352,23136,8251512220635
31277354,23136,3795739892268
31277356,23136,3305172462449
31277358,23136,8927731749911
31277360,23136,1860927936436
31277362,23136,7663253274951
31277364,23136,1487212229655
31277366,23136,6573157817813
31277368,23136,3321133417808
31277370,23136,3619489970024
31277372,23136,6151692618722
31957384,50795,6327341621508
31957386,50795,8378313871078
31978709,5417,2895425450596
31978711,5417,9499897796645
31998859,5417,3621723801209
31998861,5417,5629304008571
31998863,5417,6329601733266
31999310,73828,2094624016774
31999312,73828,6327695005436
32426250,5417,2041885583569
32426252,5417,3652568461501
32426254,5417,5164406852801
32426256,5417,7696787576543
32426258,5417,1027349253408
32796718,1,6990952877949
32796720,1,5804764560863
34180399,5417,3862902199742
34180401,5417,6279211072791
34180403,5417,7538450004055
34455607,5417,1045596451156
34455609,5417,5122062075507
34455611,5417,3219933214447
34752634,5417,9348768524477
34752636,5417,9491146867151
34752638,5417,2635142660331
34752640,5417,7546806661494
34752642,5417,9889340484388
34752644,5417,1524076424465
35171446,5417,4272541680195
35238538,5417,8478949281026
35238540,5417,5348682248767
35239754,5417,6733735665063
35239756,5417,4354849334144
35239758,5417,5010444608095
35239760,5417,5942507332022
35243672,5417,1607955629080
35243674,5417,4133240965436
35244822,5417,2168699953187
35245004,5417,1335462190013
35270971,5417,2021335623175
35404390,5417,1576681131351
35404392,5417,5995841615450
35409458,5417,3501829579724
35430623,5417,2316571749865
35580964,5417,5413499373213
35590671,5417,2100156779497
35590673,5417,6947238070563
35728890,5417,4904875870828
35802501,5417,1214189298816
35802503,5417,1190981828768
35802505,5417,7397828338495
35945323,5417,5354879180130
36387117,43956,9879111085814
36387119,43956,7335255440596
36387121,43956,7098657857262
36437928,5417,7341701116663
36437930,5417,8246011999403
36495162,5417,9124056053306
36495164,5417,8832451665840
36560506,1,6676094905213
36560508,1,9181618598590
36560511,1,7115513469787
36560513,1,7370204647114
36622697,2836,7249479424648
36622701,2836,6796188914072
36622705,2836,4714895565808
36622709,2836,7910176521168
36622713,2836,2077049533026
36622717,2836,6050378260098
36622721,2836,7884079994148
36622725,2836,7273164438412
36622729,2836,3827289177042
36622733,2836,6748971577025
36622737,2836,1154692367343
36622741,2836,3335551552874
36622745,2836,9260088931394
36622748,2836,5562665451825
36622750,2836,3953138252674
36622752,2836,2579722013011
36622754,2836,5321342618902
36622756,2836,1375536622460
36622758,2836,4451558787008
36622760,2836,5750826835137
36904258,5826,5124413187358
36904260,5826,6024512313216
36904262,5826,3061859227519
36904264,5826,3277271971668
36904266,5826,2270435211939
36904268,5826,3386351788437
37291030,61,5912230645928
37291036,61,4707895874384
37291039,61,6849647612405
37316918,5417,4360161337572
37316920,5417,2427821852614
37646179,5417,7835171120904
37651812,5417,5854752068420
37651832,5417,1265171273700
37651833,5417,6894917877220
37651834,5417,5760439073529
37653431,5417,7251167811562
37653433,5417,7039474488673
37653435,5417,7584243652170
37653437,5417,1106600675958
37653439,5417,5175180858712
37653441,5417,3539780569027
37653443,5417,8104163160815
37653445,5417,4163680114095
37653447,5417,1056944443174
37826600,5417,9619205401935
37826602,5417,8169651534943
37893244,5417,8001429973441
37893246,5417,5229659754682
37893248,5417,6648553825288
37919667,5417,7775790297208
37919669,5417,8582061842390
37919671,5417,2614176527520
37969761,5417,1740335065884
38096052,5417,1817813975390
38104495,78095,7024601793485
38104497,78095,2151342342100
38104499,78095,9057740886532
38104501,78095,1312984793472
38104503,78095,5667910733463
38104505,78095,9337579244360
38104507,78095,6907546353253
38104509,78095,7516918736724
38104511,78095,3518022884890
38104513,78095,3529062567261
38104515,78095,3199231229537
38104517,78095,9863367344597
38104751,5417,4027304136996
38104753,5417,7352391540539
38104755,5417,2897295013079
38537314,5417,6584515378259
38537316,5417,5387883480477
38761728,5417,1889962483613
39315082,73261,5717629139305
39325450,5417,7144337178469
39325452,5417,8414743102709
39331193,9249,9013633277368
39331195,9249,7534957757944
39331197,9249,8359047584854
39331199,9249,8394425619216
39331201,9249,8326894321772
39331203,9249,4134516596170
39331205,9249,9104733657935
39331207,9249,8870297123001
39331209,9249,3953096418501
39331211,9249,5949118841486
39331213,9249,9320348799291
39331215,9249,9857167153398
39838729,5826,3936704703404
39838731,5826,1532998773080
39838733,5826,7526507371038
39838735,5826,8427618050654
40582452,5417,2286946190182
40582454,5417,2270883790123
40582456,5417,6287660795123
40582458,5417,8490686054589
40582460,5417,5232059588689
40582462,5417,6020810959682
40607848,5417,1283480911755
40607850,5417,9806388005467
40607854,5417,5247353718403
40607856,5417,2038442714306
40607859,5417,6979974738391
40607861,5417,5280149971958
41067080,5417,2109369490397
41067082,5417,4125429772355
41094607,5417,2666265496446
41094609,5417,3373172643052
41094611,5417,9224436967725
41098189,5417,1613969465019
41654788,6903,3711166292297
41654790,6903,6565317122288
41654798,6903,3649430994984
41654809,6903,8584441610346
41654820,6903,3156586856320
41654832,6903,2915607124289
42325203,5417,9222285986072
42325205,5417,3798696055103
42325207,5417,8128249523394
42325209,5417,8789276233993
42325211,5417,3381568942658
42325213,5417,1226351948221
42411420,5417,6172463856242
42411422,5417,5266348855459
42411424,5417,8722258428543
42992890,61,5521513912581
42992903,61,5624817589838
42992905,61,3084976866577
42992916,61,9261096481789
42992919,61,2638437982316
43131121,20741,5818221000533
43131123,20741,8391700429188
43131125,20741,8703875222264
43131127,20741,6608092627897
43131129,20741,9818008647094
43131131,20741,5916836297239
43131133,20741,4394331508998
43131135,20741,9576379409702
43131137,20741,5548398358570
43131139,20741,1761679741746
43131141,20741,4540100420750
43131143,20741,6676489706609
43163908,23136,5832780407169
43163910,23136,1598992187872
43163912,23136,2663654884747
43163914,23136,2343265685598
43163916,23136,4447903851388
43163918,23136,4756303903451
43163920,23136,8029464644287
43163922,23136,9371379462333
43163924,23136,3913396379735
43163926,23136,6842392425511
43163928,23136,7630957301306
43163930,23136,6666495407355
43759038,28122,2125312815345
43975586,78095,7765832819871
43975587,78095,1062797877707
43975604,78095,1087893895677
43975605,78095,4002906083435
43975607,78095,5275809487801
43975608,78095,2934972402747
43975609,78095,2620683958818
43975612,78095,9488724678001
43975620,78095,3214705542186
43975621,78095,5064392196470
43975623,78095,1565852623603
43975955,78095,9752663906038
43991599,6837,2636645402428
43991958,6837,8368059303513
43992155,6837,7598768755872
43992409,6837,5892465025897
43992444,6837,2576993625943
43992450,6837,7557647603529
43992459,6837,8345927948786
43992472,6837,8995233101209
43992487,6837,2046008922478
43992493,6837,2502479981999
43992517,6837,8765707781424
43992527,6837,3532814725352
44691395,5411,3491322033246
44691397,5411,7169143940338
45023953,5417,9130798129292
45023955,5417,1141744853183
45023957,5417,3287255066013
45023959,5417,4530468034683
45023961,5417,6807240433599
45023963,5417,3856580555716
45485879,5417,4893529748876
45485881,5417,1722837973195
45485883,5417,2948347822122
45485885,5417,8902257080670
45485887,5417,1634640805214
45485889,5417,1579488527006
45861141,5417,5540851543837
45861706,5417,5429676283282
45984077,5417,1663609252905
45984079,5417,6501797179336
46040510,5417,1214611770057
46041024,5417,4986594431436
46092723,5417,3823615370590
46102624,5417,5972419144123
46102626,5417,3593558411659
46104799,1,7198296310439
46104801,1,4037195717778
46104803,1,7891525094727
46104805,1,2132287760495
46104807,1,8884361724476
46108244,5417,8503779476271
46158999,5417,6570802333063
46159001,5417,2330253340461
46175178,5417,5040575113397
46175180,5417,4614077575314
46175990,5417,4576575299539
46175992,5417,9400333514129
46175994,5417,4128642966044
46472708,5417,1130937633459
46472884,5417,4221962119487
46486529,5417,5472349597902
46606893,5417,5161945026304
46606895,5417,2387598535458
46606897,5417,7032512317607
46640146,5417,2712796490894
46640148,5417,6769201078273
46746847,5417,9236255301673
46746849,5417,9156193313999
46746851,5417,9259865001047
46746853,5417,3618655460062
46748563,1,8844409284690
46748565,1,8894206881783
46949461,5417,5710776783025
47133780,5417,2852147366611
47133782,5417,1804857168000
47133784,5417,3318626350568
47133786,5417,7744019953829
47258506,5417,1345411988363
47258508,5417,4263900060437
47258510,5417,5176752692185
47367893,7795,8048845784947
47367895,7795,3601671497525
47367897,7795,5775365048909
47367899,7795,1641333593884
47367901,7795,6641230420530
47367904,7795,3290361142762
47367906,7795,7119858823402
47367908,7795,1748560546321
48025257,1,8729457102687
48025258,1,3071752936678
48025261,1,8410808948183
48025262,1,5458482891916
48937091,1330,3877546385536
48937093,1330,3429660085535
48937095,1330,8961306519790
49990528,1,8659880805353
50392151,1,8073320555644
50392155,1,7876354891082
50392156,1,8712029584714
50392158,1,7331324418411
50451980,5417,1969018912561
50451982,5417,9760769611824
50451984,5417,3956760929938
50451986,5417,4296496171195
50451988,5417,1059272243171
50451990,5417,6005335712707
51353719,7795,2702824327018
51353722,7795,6349462409940
51353724,7795,3846358324606
51353726,7795,6370293726944
51353728,7795,4414841749640
51353730,7795,8381126299731
51353732,7795,9837856173678
51353734,7795,5662718936375
51353736,7795,7103416243535
51353738,7795,9692778837950
51353740,7795,5598660249655
51353742,7795,7382703352956
51353744,7795,7549980600600
51353746,7795,1891864030857
51353748,7795,8485983103306
51353750,7795,3204808292569
51353752,7795,5203119958162
51353754,7795,3025722107933
51353756,7795,2814142142492
51353758,7795,3687127161165
51470990,1,7994208879267
51470992,1,1184258016408
52250876,19652,3172270499048
52644121,54841,6329990905756
52644123,54841,9888584978042
53531260,47532,6626089934384
53531262,47532,1080685479772
53531264,47532,2098453034978
53565051,479,9315194923938
53579425,479,1095092872924
53749817,479,1574759491635
53991219,479,6157599776046
53991427,479,3467692813252
53991444,479,6578504853360
53991446,479,5475387881057
53991476,479,1109905108381
54437397,102740,2180579938756
54437399,102740,7960013139490
54437401,102740,7747950486333
54437403,102740,3680161587014
54437405,102740,7885098416086
54441515,59080,9453441859835
54441517,59080,4165648755388
54441519,59080,6379037063338
54441521,59080,3251804944473
54443215,7827,2707794919737
54443342,7827,7459013452079
54443630,7827,3243228301475
54447643,105102,8180113718848
54447647,105102,1412342058141
54447649,105102,1602769150584
54455974,7827,5719573470121
54572721,1330,7886952953686
54572725,1330,8588820384392
54572730,1330,4400590527639
54592481,7795,3964295288871
54592483,7795,4140458488169
54592485,7795,3001187175601
54592487,7795,1268943440010
54592489,7795,1088982504418
54592491,7795,5474584701168
54716579,1,8586879977756
55156331,12632,9912887793078
55156333,12632,8676318868964
55156337,12632,3624602614068
55535054,61,1833946498438
55535056,61,3603061030428
55578467,1,2891189598970
55578473,1,9449050316968
55578477,1,6970610360136
55578480,1,8779938582910
55580530,1,9663213104128
55580532,1,2928630779432
55580534,1,7705133748555
55598549,1,3143957333894
55598553,1,9067809771938
55598557,1,4158864872403
55778725,19595,5584316742175
55779004,19595,1941282097397
55779006,19595,8319624029826
55963339,35488,7140067491212
55963341,35488,5014489768653
55963343,35488,7704552174594
55963345,35488,1770727421165
55963347,35488,6242191033021
55963349,35488,3280226967098
55963351,35488,4562113788481
55963353,35488,5651958298664
56513382,5417,2888315680425
56650571,599,8359298860035
56650575,599,6735878877600
56650577,599,4059183007388
56650581,599,5335557756038
56650583,599,9884187823031
56729021,10255,4678728025009
56828017,132967,5805822853064
56880197,1,2593428701522
56880199,1,9904581050908
56880201,1,1183290663090
56919856,6903,2756328925867
56919858,6903,7024322923246
56919862,6903,6303819250883
56919864,6903,7293481871372
56919878,6903,2129964263585
56919880,6903,3967216201171
56919888,6903,7935460918318
56919892,6903,3121513434087
56919904,6903,1541316658176
56919906,6903,6407807141525
56941040,75229,3605261575204
56941526,1,7042638757133
56941528,1,9433901554951
57325672,1,3084328366519
57325673,1,7062601945381
57325674,1,4152887299544
57325675,1,2749109338499
57499251,329,3125512799314
57499338,329,9797591008560
57665255,329,9693463117418
57999971,7802,9788508075232
57999973,7802,1332541301742
57999975,7802,8725381324454
57999977,7802,4063386096827
58000926,12632,8186735784339
58000930,12632,3448825559407
58000932,12632,6512726944048
58000934,12632,5591351400069
58133716,47532,2363937194692
58133719,47532,7712317450623
58133723,47532,4548908244004
58133727,47532,5313300225574
58133730,47532,3338814713135
58133735,47532,5369163480582
58133739,47532,9891352907403
58133743,47532,1108662347736
58133746,47532,1283184075579
58133749,47532,4077941364870
58185811,125761,9443961972619
58185913,125761,4352236120660
58355935,5417,1885225892710
58355937,5417,5923084018844
58355939,5417,2298055268171
58705454,137133,8374625989487
58705460,137133,3506029507942
58705467,137133,6826496943317
58804365,1,2155951497244
58804367,1,3642148788869
58804369,1,6974946963665
58852895,1,1145035359231
58852897,1,7348378138448
58852899,1,8260314519076
58857306,1,8117956998298
58857900,1,1508049232417
59214046,105102,1872043861509
59214050,105102,6321281958045
59226407,141813,2668605197556
59226464,141813,3781287471420
59226719,141813,4249603405614
59241577,141813,8150735181900
59241578,141813,8937432483137
59241579,141813,4565993625167
59241626,141813,3578008095542
59241627,141813,9124499596873
59241630,141813,6131354872358
59241631,141813,6814172702884
59241632,141813,1307297306693
59241672,141813,3258607138962
59241673,141813,7343996328455
59241678,141813,8596574714044
59241725,141813,9392703469897
59241795,141813,4247159049443
59242136,141813,6954482408417
59242138,141813,4673587547921
59242139,141813,4139873259270
59268306,141813,4062023050949
59268309,141813,8151243100292
59268312,141813,6120502859563
59268373,141813,1113698204342
59268388,141813,7806237319761
59268389,141813,7916634206363
59321328,1,5718506316659
59321330,1,6370444493039
59321332,1,3893671764572
59380156,141813,8190202924364
59519006,19595,3179332990536
59519007,19595,6715628234327
59519008,19595,5969503982433
59519009,19595,4309159884513
59536202,61,5817807484286
59536214,61,8909586588495
59536218,61,8116285695687
59549523,61,3268214586964
59549525,61,8540900347963
59549527,61,6064546179839
59993990,599,5476433806703
60996886,141813,8002122386033
61292533,1330,6362059203790
61294086,1330,7512559221599
62319129,1262,6737168778826
62831189,141813,4556403787513
63172682,88605,6384694054582
63173215,88605,4242910617244
63176156,599,8303308834295
63176158,599,7391320911262
63176160,599,3323582991281
63176162,599,5167086057467
63176164,599,9014303089120
63176166,599,9586508951248
63176168,599,5433574792326
63176170,599,5845329314705
63176172,599,6429332346336
63459436,5417,3194379837903
63459906,5417,7545095648407
64325987,61,5897233963159
64844792,3574,7473402407532
64988888,1,9412743711593
64988890,1,2232146385972
64988892,1,6644165019923
64988894,1,5111724832862
65383354,61,3883674956951
65457299,103997,6162452547732
65457302,103997,6375190995530
65457303,103997,2362469356158
65457306,103997,9880641906654
65457307,103997,4346439822742
65457308,103997,8704314093865
65457309,103997,1824565452437
65457310,103997,3792002173314
65457311,103997,6778851862330
65457312,103997,1174205717618
65457313,103997,5915414345881
65457314,103997,7638014951761
65457315,103997,9220071228023
65457316,103997,6128226195325
65457317,103997,6833095269465
65457318,103997,3510211528219
65457319,103997,9450564767016
65457320,103997,3309789681408
65457332,103997,8020078644243
65457333,103997,8653940367195
65457334,103997,1744722972212
65457335,103997,2999711502799
65457336,103997,8376715042126
65457337,103997,8945634936436
66078530,61,4287018716390
66531268,141813,6423948704153
66621529,1,8401876255983
66621531,1,9901075197705
66622337,107636,5828224666346
66622339,107636,4517556923647
66778475,61,1196019660850
66778477,61,2004885581645
66778482,61,7824663760186
66778485,61,4650823882510
66778489,61,4184688838479
66778493,61,2116892000863
66791667,61,4901101026189
66791670,61,5279548651820
66791672,61,1222633686003
66791675,61,8722818824686
66791677,61,8662545655859
66791679,61,4818076576413
66921716,61,6433915306495
66921718,61,5847671606378
66921720,61,4176330492399
66921722,61,6044971956830
66921724,61,1833762369608
66921727,61,6679415745796
66941595,16588,3902390506384
67056398,101022,1344787557753
67056400,101022,3262486293599
67056402,101022,3298569740827
67056404,101022,8952907520834
67056406,101022,1194901145539
67110922,103997,5576724585161
67110923,103997,7063999286391
67110924,103997,6291277116875
67110925,103997,7387473969908
67110926,103997,4278649858832
67110927,103997,4635284152785
67110928,103997,5247371296631
67110929,103997,3036964204182
67110930,103997,6702071321063
67110931,103997,2634833467136
67110932,103997,9928053832281
67110933,103997,6887299639036
67110934,103997,8099486916983
67110935,103997,7413848835650
67110936,103997,7102433977676
67110937,103997,6789854133679
67173684,141813,8661436701972
67173686,141813,2685403960724
67335832,103997,5594711347912
67335833,103997,2223081438328
67335834,103997,2228106786163
67335835,103997,3343145836712
67335836,103997,2292830794633
67335837,103997,4222363604053
67335838,103997,9081047895065
67335839,103997,3224953423045
67335840,103997,4382342254515
67335841,103997,8316254644719
67335842,103997,6110988744569
67335843,103997,8167533563975
67335844,103997,8168056358352
67335845,103997,1323342189561
67335846,103997,1782201850729
67335847,103997,3524255751564
67360086,130618,6590142985029
67360676,130618,8026422800211
67360740,130618,7946950288385
67360803,130618,5866730595392
67361113,130618,9637981646357
67361845,130618,5999331032093
67467520,88605,5559440532244
67467522,88605,6051048928621
67467530,88605,5444411191783
67467532,88605,8994094505300
67886196,2549,9949916513864
67909740,86133,8029598132728
67909742,86133,2588041030517
67909744,86133,1722309015606
67909746,86133,3541676592941
67909748,86133,1007935554720
67935938,130618,5569622089879
68049436,2549,5718767962138
68078069,2549,4368699328130
68106840,101022,7507371069771
68106850,101022,8568405784724
68167376,141813,3060935401751
68167378,141813,3762278504426
68189012,141813,7093994060184
68221415,329,9884587104907
68266004,101022,2284582159570
68266006,101022,8978685686456
68266008,101022,7533030376577
68266010,101022,4455395714579
68266012,101022,5251097939949
68266014,101022,2130886180164
68266016,101022,7602785943850
68266018,101022,6597631231636
68266020,101022,5257437723742
68266022,101022,7312083031929
68266024,101022,4152077908485
68266026,101022,1347586695541
68266028,101022,7833048570654
68266030,101022,8124961861875
68266032,101022,4905658001262
68266034,101022,1381436950978
68266036,101022,8622918901471
68266038,101022,5677980181156
68266040,101022,2454046088610
68266042,101022,6748534715963
68266044,101022,9356832427401
68266046,101022,4344128619376
68266048,101022,9343979652872
68266050,101022,9247236733994
68266052,101022,9033940421445
68266054,101022,5153360558805
68266056,101022,6804935422494
68266058,101022,3259769652129
68266060,101022,2319287788500
68266062,101022,2895592256663
68266064,101022,3450275003461
68266066,101022,6818349175730
68266068,101022,3622044406395
68266070,101022,7868697402100
68266072,101022,6563628197162
68266074,101022,5989911645904
68354333,148660,8914219509242
68354335,148660,6268751924233
68354337,148660,6398960640515
68354339,148660,7948904388981
68354341,148660,8959894183165
68354343,148660,1131089402498
68545367,141813,4453434675959
68545489,141813,8079512157283
68554051,141813,7536613495436
68554053,141813,9842510103069
68891585,103997,8720187855690
68891586,103997,5499693885080
68891587,103997,1365155775944
68891588,103997,4995909711941
68891589,103997,3275760324339
68891590,103997,6449260036529
68891591,103997,9331896290635
68891592,103997,6381034875289
68891593,103997,4067780656892
68891594,103997,3633234534255
68891595,103997,4638351252326
68891596,103997,3495173620662
68891597,103997,7137960622973
68891598,103997,2625106632986
68891599,103997,4767634625233
68891600,103997,8277927103417
68891601,103997,7390344022633
68891602,103997,9043499607368
68891603,103997,2209593892803
68891604,103997,8653950137962
68891605,103997,1352629651552
68891606,103997,5010879333999
68891607,103997,5968284697581
68891608,103997,3152019367845
68891609,103997,1674175127993
68891610,103997,3403438927227
68891611,103997,1085596541785
68891612,103997,7032651885296
68891613,103997,8075589323637
68891614,103997,6861540662295
68891615,103997,4015182300417
68891616,103997,4717993828332
68891617,103997,4798968484265
68891618,103997,8448351373282
68891619,103997,9062402397820
68891620,103997,7622448030994
68891779,103997,4711444887237
68891780,103997,4520572474611
68891781,103997,1301403956567
68891782,103997,3777376306155
68891783,103997,3294447206379
68891784,103997,4372945031613
68891785,103997,2885767375053
68891786,103997,8551612829227
68891787,103997,4093937476976
68891788,103997,5372953967842
68891789,103997,5374860978232
68891790,103997,5512786767992
68891791,103997,1848787566833
68891792,103997,7188029955259
68891793,103997,7685236579846
68891794,103997,9650425762260
68891795,103997,1463875538181
68891796,103997,6151988627827
68891797,103997,3258747884538
68891798,103997,7366128175468
68891799,103997,6604552602886
68891800,103997,2324263479006
68891801,103997,2957017397624
68891802,103997,9987912769151
68904858,103997,5589875455238
68904859,103997,8324637148891
68904860,103997,3358790659470
68904861,103997,5537984214550
68904862,103997,2622840998965
68904863,103997,4478457386354
68904864,103997,7639025904289
68904865,103997,5457757837031
68904866,103997,8963979943155
68904867,103997,7969109030390
68904868,103997,7169509399343
68904869,103997,3345052692207
68904870,103997,8277521683599
68904871,103997,9707554823017
68904872,103997,2736243400045
68904873,103997,9450292449284
68904874,103997,3496711143636
68904875,103997,4993859304251
68904876,103997,3884602626465
68904877,103997,7349033323506
68904878,103997,7565438260110
68904879,103997,8954920858437
68904880,103997,5467177825020
68904881,103997,7576871630040
68904882,103997,4662781704384
68904883,103997,6172202131418
68904884,103997,3983199042914
68904885,103997,3310035045691
68904886,103997,7513803057544
68904887,103997,5545262258240
68904888,103997,4658953673589
68904889,103997,2745264305154
68904890,103997,3958252841346
68904891,103997,1367086952562
68904892,103997,9667092845561
68904893,103997,6388208647291
68920994,103997,7895334916560
68920995,103997,1889340908004
68920996,103997,2787908256422
68920997,103997,2958412321757
68920998,103997,2206271525114
68920999,103997,4634826153051
68921000,103997,6928918328679
68921001,103997,8517578882621
68921002,103997,8763067143142
68921003,103997,1663942381232
68921004,103997,6908276994914
68921005,103997,3576830798198
68921006,103997,7742478346978
68921007,103997,4413195463271
68921008,103997,4337070504784
68921009,103997,3136759254580
68921010,103997,4574070435087
68921011,103997,6196158471831
68921012,103997,7546835518028
68921013,103997,5624422610798
68921014,103997,7241537490060
68921015,103997,7014356209553
68921016,103997,1683743443588
68921017,103997,8385963808903
68921018,103997,3459313949013
68921019,103997,7055451010828
68921020,103997,4246084629157
68921021,103997,2630749220247
68921022,103997,7166961787572
68921023,103997,6703030046034
68921024,103997,2005402971222
68921025,103997,5733718331504
68921026,103997,8070805484758
68921027,103997,6602305069450
68921028,103997,4959505026106
68921029,103997,2546996183115
68921030,103997,2762234253864
68921031,103997,3271083657932
68921032,103997,9758164792873
68921033,103997,4588121707917
68921034,103997,5270385507929
68921035,103997,6973956565746
68921036,103997,1856656008070
68921037,103997,5040615424865
68921038,103997,9255060608937
68921039,103997,2538258160323
68921040,103997,8621607878957
68921041,103997,3751103723026
68921193,103997,9880434873354
68921194,103997,1540029670277
68921195,103997,8548791469610
68921196,103997,9685480967732
68921197,103997,7468349929155
68921198,103997,1154087002170
68921199,103997,5141178075911
68921200,103997,3919451451101
68921201,103997,8610061749163
68921202,103997,9939249041424
68921203,103997,7611984648244
68921204,103997,8165855227698
68921205,103997,6852898273677
68921206,103997,6442868588759
68921207,103997,1248997910684
68921208,103997,8848179993394
68921209,103997,6065528913670
68921210,103997,7249477327484
68921211,103997,8764942240833
68921212,103997,7445852223444
68921213,103997,2650788381525
68921214,103997,8862823131000
68921215,103997,6560772010255
68921216,103997,5984611306278
68924310,103997,5356851792942
68924313,103997,4250328144566
68924314,103997,2289129337237
68924316,103997,1799317320152
68924317,103997,1486928507804
68924318,103997,7297104098481
68924322,103997,6275026392840
68945689,103997,9996831237054
68945690,103997,3000179993704
68945691,103997,9374570378908
68945692,103997,6056844384541
68945693,103997,6297601012790
68945694,103997,1453889637833
68945695,103997,8489858439675
68945696,103997,9972148425629
68945697,103997,1335830423583
68985745,61,7464062601590
68985747,61,8226814112728
68985749,61,9551108929836
68985751,61,5734710937824
68985753,61,1034660822923
68985755,61,1794005283344
69171910,103997,4964663030797
69171912,103997,7038044947381
69171914,103997,5304781372499
69171916,103997,2170006575500
69171918,103997,2930739900099
69171920,103997,7917303744483
69171922,103997,7611426140299
69171924,103997,2748655939594
69172289,103997,6424397074187
69172290,103997,1753226299329
69172291,103997,5372213184552
69172292,103997,4403482489091
69172293,103997,4605494135199
69172294,103997,5749485608930
69172295,103997,7883036215210
69172296,103997,8904392492783
69172297,103997,1257197653925
69172298,103997,2556874234181
69191487,61,3270682954688
69191492,61,2491233110419
69191497,61,9648705694967
69192382,61,5492413111629
69192384,61,8792126622335
69192386,61,1233277885776
69334581,7795,4427365170074
69334584,7795,5637721878585
69334587,7795,8546940224509
69334590,7795,8970311298569
69334594,7795,6204935973437
69334597,7795,4817705863160
69334602,7795,4693103966241
69334606,7795,4191903041637
69334611,7795,5735695887753
69334615,7795,8802292914063
69334619,7795,5423076385225
69334622,7795,3592257689529
69691046,1330,8227339250995
69691048,1330,5933474146828
69691050,1330,4355704343899
69696525,1330,2364356339565
69696527,1330,3814782836200
69701428,1,1736715378125
69701429,1,6288431770868
69701430,1,7409919405679
69701431,1,6058663337586
69701432,1,9160424253176
69701433,1,5938929034149
69701434,1,2605312855300
69701435,1,9620520412360
69701437,1,7053095846346
69877433,61,7501108648536
69877435,61,7070696105528
69877437,61,8626323186133
70020261,599,7901858083951
70020263,599,9938570305755
70079674,103997,7223740309926
70079675,103997,4314699211606
70079676,103997,6635994395845
70079677,103997,5199246284284
70079678,103997,7913819194798
70079679,103997,7665894700752
70079682,103997,9566529955623
70079685,103997,7630465490837
70079686,103997,1264040100574
70079689,103997,2905595620542
70079690,103997,8099563351294
70079691,103997,6668304306545
70079692,103997,1100893352329
70079693,103997,7804935446987
70079694,103997,9381779318512
70358507,103997,8081401648987
70358508,103997,4029727642801
70358509,103997,5479104070748
70358510,103997,2589731408326
70358511,103997,1595364416806
70358512,103997,8147069178126
70358513,103997,5405511984224
70358514,103997,9430232980527
70358515,103997,2761317162284
70358516,103997,4576752284969
70358517,103997,8985665462672
70358518,103997,4690203700904
70358519,103997,8661878616315
70358520,103997,3512814855815
70358521,103997,6854761339817
70358522,103997,4169199421419
70358523,103997,5613848168761
70358524,103997,9388649386046
70358525,103997,6442966575576
70358526,103997,6650551310277
70358712,103997,5252532476005
70358713,103997,1412008016690
70358714,103997,7736706926940
70358715,103997,8044339141449
70358716,103997,4230464581746
70358717,103997,3768398293394
70358718,103997,4312916089359
70358719,103997,9327667954837
70358720,103997,5467561998736
70358721,103997,1785628955626
70358722,103997,8292460885613
70358723,103997,3055372575073
70358724,103997,8381622911526
70358725,103997,7525027029412
70358726,103997,1429642398280
70358727,103997,2199291921526
70358728,103997,2934221072509
70358729,103997,6747095271550
70358730,103997,6884479034865
70358731,103997,1895175115593
70359043,103997,7936337914518
70359044,103997,1479340138152
70359045,103997,3771306954737
70359046,103997,4908963788132
70359048,103997,6413759590793
70359049,103997,7529645873020
70359050,103997,4528575608415
70359051,103997,3306733158061
70359052,103997,5377472782082
70359053,103997,2187319373938
70359054,103997,4378528722220
70359055,103997,9024809153034
70359056,103997,5115791197831
70359057,103997,7387615927797
70359058,103997,7138970601149
70359059,103997,9845009813166
70359060,103997,6750096986835
70359064,103997,5954213871498
70359065,103997,9066453131150
70359066,103997,4878693704446
70359067,103997,4176670624566
70359068,103997,9750478881793
70359069,103997,6162982424954
70359070,103997,5837081613844
70359071,103997,6448103849630
70359311,103997,7197431289067
70359314,103997,5748594894104
70359316,103997,9104598363354
70359317,103997,3742405260395
70359318,103997,5306013854209
70359319,103997,5663222305800
70359320,103997,2914198794895
70359324,103997,2938495566894
70359328,103997,5930128298278
70359329,103997,4998153909188
70359330,103997,6483544190484
70515571,57092,4808549450739
70521892,1,2309311397631
70521895,1,4147636784952
70521896,1,8208242101758
70521897,1,7444555398459
70522411,1,1646161569452
70523245,1,8144880160309
70598361,119936,9385643755397
70598363,119936,7902207037472
70627544,5826,5307510339381
70773111,5184,3767120453013
70773113,5184,2314542202852
70773115,5184,6976547040899
70773117,5184,7529636254753
70773119,5184,7190086123342
70773121,5184,2664874690422
70773123,5184,4932112494285
70773125,5184,3269035189846
70773127,5184,2932251039561
70773129,5184,1497320134246
70773131,5184,2394165999155
70773133,5184,1421137466054
70773135,5184,2929166291672
70773137,5184,4709143998187
70773139,5184,4713296101028
70773141,5184,8392337302226
70773143,5184,1395699846879
70773145,5184,3447544300192
70901608,103997,4518814872431
70901610,103997,1997643805903
70901612,103997,7931390476430
70901614,103997,4969782773464
70901616,103997,5124187888062
70901618,103997,2208148859025
70901620,103997,4985630291959
70901622,103997,3839297928240
70901624,103997,3814040337012
70901626,103997,9855851551710
70901628,103997,7763024820063
70901630,103997,2426384754809
70901632,103997,1613831470066
70901634,103997,9038510343622
70901636,103997,1161050891129
70901638,103997,1511252732742
70901640,103997,8117608267642
70901642,103997,2694208008210
70901644,103997,6502365377956
70901646,103997,6751517362245
70901648,103997,9668094537768
70901650,103997,4406623649590
70901652,103997,6305725636331
70901654,103997,2502246779767
70948000,148643,6843823797467
71090251,61,6468849349997
71090253,61,1806455652349
71090255,61,4637952926766
71140768,57092,9431554880236
71142476,141813,6962905927490
71142482,141813,4913397387684
71142518,141813,7887788648562
71142524,141813,1203748740637
71144617,111776,1682992056235
71144619,111776,1533820898575
71199110,5417,8816852514600
71199112,5417,9540165450568
71510932,87780,8151906981282
71510934,87780,3321413675928
71518803,139989,8967227459504
71544416,3587,1196949381306
71544418,3587,3299173121835
71544420,3587,6901038464519
71544422,3587,8370269066263
71544424,3587,1025352589187
71544426,3587,2886091154246
71544428,3587,5736243487760
71880763,5417,2613299775085
71880793,5417,1856124525863
71930978,123480,3945098389323
71930980,123480,1417099710175
71955726,141439,3683914176459
71981922,88980,2533113588922
71986723,151341,7294808907743
71986725,151341,4674463121518
72042112,151497,9566565764395
72042114,151497,6259347689223
72106022,154760,3720274868584
72106183,154760,8679542952515
72106601,154760,8987092398005
72107716,154760,1702918801012
72107721,154760,4946355108342
72107734,154760,5499948251608
72108515,154760,2014552847387
72108521,154760,8141020009993
72108546,154760,2207769275665
72109069,154760,5004218567329
72109089,154760,8501819407414
72109197,154760,1595900715349
72186107,61,1914702261937
72207346,154760,1356856565811
72216916,154760,3115326809408
72222377,154760,9776612501662
72222646,154760,9170516529867
72225716,144171,9178896337423
72225718,144171,2885717666132
72226286,144171,4288872120453
72226288,144171,1904841611526
72226290,144171,1476560154634
72226292,144171,7488033715536
72226294,144171,8660076217034
72226296,144171,6998211379982
72226702,154760,9536457281842
72226916,144171,2554804198664
72226918,144171,5567923926077
72280876,144171,6610161297405
72280878,144171,6678143782325
72280993,144171,8267539236689
72282081,144171,7209730874223
72284177,154892,1246843774329
72284963,144171,3858268296706
72284965,144171,7002058346119
72284967,144171,7881190529716
72284969,144171,2310177708844
72284971,144171,7107767083864
72284973,144171,3629378317069
72302265,154760,5841253163495
72302301,154760,9412711351189
72302569,154760,8241280657238
72302589,154760,4051425337420
72302616,154760,9442311879967
72302846,154760,8017662185138
72302859,154760,2074133692478
72302869,154760,7395952958541
72302898,154760,8108279147869
72335195,130618,3909941773868
72335232,130618,8903704683765
72337206,130618,6082568790269
72337326,130618,8343665214484
72524581,154760,3676709312019
72524593,154760,8547652132441
72555371,84175,7643555533468
72555372,84175,8541855061539
72555373,84175,8621731300386
72555395,84175,3862722641025
72564379,154760,7901999741512
72565020,154760,5168321672643
72565112,154760,3330896505783
72565322,154760,1502750530015
72565493,154760,3583147885183
72565513,154760,7453683359539
72565514,154760,9072080309862
72565557,154760,6818742908478
72565584,154760,5190776829020
72565600,154760,7414235360120
72565612,154760,8810002290420
72565646,154760,9751802837479
72565671,154760,5599069519349
72565672,154760,6666384958678
72565673,154760,6236657680911
72565929,154760,6530666820888
72578314,126343,9899941886115
72604322,154760,9869009881901
72604572,154760,3878394984780
72604588,154760,9683613305062
72604594,154760,8354179951482
72604597,154760,9939786469859
72604954,154760,5457049979753
72604986,154760,9666670187062
72605012,154760,3101530523780
72605046,154760,2071134669744
72622282,154760,1274509063418
72622353,154760,8432410454357
72622416,154760,8854314374164
72622423,154760,9536252134527
72623234,154760,9256204341918
72623531,154760,2896242206694
72623903,154760,2907667549126
72652198,1,6211415758705
72652200,1,6042272289725
72652202,1,8982016831583
72724801,119936,4542331488653
72724803,119936,9209317215614
72724806,119936,7903256290962
72724808,119936,9939529218188
72724810,119936,9457066745801
72877687,119936,7473007977072
72877689,119936,8428182813614
72877691,119936,3070033602462
72877693,119936,8239006458832
73090118,47532,6100266941773
73090120,47532,3974855086519
73090122,47532,9672023760714
73117588,154760,9168576058809
73119300,154760,7269959665835
73119301,154760,3954959699365
73119302,154760,4493246788997
73125532,1,9764322411593
73125534,1,8210488284232
73175520,154760,1258929655149
73176975,154760,5438524764262
73177599,154760,8671946310212
73177600,154760,4304855490990
73222594,117331,9404743130092
73222598,117331,6367142003028
73225168,117331,8180243741495
73225170,117331,1098309447779
73225172,117331,7265178441106
73234210,10016,3494260361396
73275507,117331,3119163438609
73275509,117331,5638196240723
73275511,117331,9086773274542
73281663,1,7130726654690
73281665,1,9908625520594
73282207,103997,3226878565725
73282208,103997,3715623783700
73282209,103997,8998214143687
73282210,103997,7133073173364
73282211,103997,5254943915531
73282212,103997,9850064747493
73282213,103997,6806286636179
73282214,103997,2437475943675
73282215,103997,5367977699121
73282216,103997,8899431472928
73282217,103997,9310452986496
73282218,103997,2998231312987
73282219,103997,4814175497475
73282220,103997,6827901684443
73282221,103997,1106437292090
73282222,103997,4686195222609
73282223,103997,9253292475785
73282224,103997,8875964998036
73282225,103997,2309072276541
73282226,103997,9808418808321
73282227,103997,2305635891091
73282228,103997,8658107010488
73282229,103997,7628524344269
73282230,103997,6088422071529
73282455,103997,9472537116607
73282456,103997,6330069482108
73282457,103997,1177919907603
73282458,103997,3011645470650
73282459,103997,1530346920155
73282460,103997,5352476331580
73282461,103997,1432260834382
73282462,103997,5861577944877
73282463,103997,3487896898466
73282464,103997,1536775141048
73282465,103997,4549614136928
73282466,103997,6714756445735
73282467,103997,5768635898687
73282468,103997,1741567217348
73282469,103997,5599907156804
73282470,103997,8438487246758
73282471,103997,3183888836521
73282472,103997,6113728363624
73282473,103997,6335723766389
73282474,103997,1964447200111
73282475,103997,3551254202889
73282476,103997,7771679035909
73282477,103997,9742432497218
73282478,103997,2606946762675
73282479,103997,2327434391909
73282480,103997,9129480659070
73282481,103997,6715082804159
73282482,103997,5535697159304
73282607,103997,7848787647550
73282608,103997,8689355051619
73282609,103997,5171724133048
73282610,103997,5636584796562
73282611,103997,3061917825725
73282612,103997,1016450170605
73282613,103997,9840433019191
73282614,103997,8082364561399
73282615,103997,3723574126958
73282616,103997,8351533394411
73282617,103997,8530382157747
73282618,103997,6133228366697
73282619,103997,3483382200270
73282620,103997,6019143459372
73282693,103997,9504728508271
73282694,103997,4030147924095
73282695,103997,2073243331529
73282696,103997,2793172044801
73282697,103997,4133898778372
73282698,103997,8900912548152
73282699,103997,1385002762088
73282700,103997,1007531829413
73282701,103997,8333184728821
73282702,103997,2739160821979
73282703,103997,5116728854087
73282704,103997,2302025332479
73282705,103997,7571439337768
73282706,103997,5860531502030
73282707,103997,3538203663472
73282708,103997,3501460819999
73288705,103997,3545148443397
73288706,103997,9651433755824
73288707,103997,2619440520726
73288708,103997,2876574304602
73288709,103997,9394247218191
73288710,103997,9098932787367
73288711,103997,1883674964736
73288712,103997,8540751333733
73288713,103997,6115421463069
73288714,103997,7637046195006
73288715,103997,1819487632401
73288716,103997,7228736134377
73288717,103997,6509000224125
73288718,103997,4938052932283
73288719,103997,4771424698437
73288720,103997,1504610438783
73288838,103997,7507953265485
73288839,103997,3107462507652
73288840,103997,4375574877768
73288841,103997,9175672071304
73288842,103997,6872755925655
73288843,103997,2886806033194
73288844,103997,8156495032209
73288845,103997,8484101579207
73288846,103997,7116850638195
73288847,103997,2732866834182
73288848,103997,3713647165748
73288849,103997,9432645168882
73288853,103997,9067211288048
73288854,103997,7171383037365
73288855,103997,3646055671139
73288856,103997,9196533742218
73288857,103997,1311365216234
73288858,103997,8257546806326
73288859,103997,1193710262789
73288860,103997,4234030305507
73288861,103997,6866424564696
73312924,103997,7830045204308
73312925,103997,1034980197183
73312926,103997,9373812078323
73312927,103997,3101101713046
73312928,103997,6343866492270
73312929,103997,4036576781551
73312930,103997,4363041936179
73312931,103997,7289634362408
73312933,103997,7408258093103
73312934,103997,7467924131723
73312935,103997,4653848358497
73312936,103997,3350733369576
73312937,103997,1156398076888
73312938,103997,4113903039100
73312939,103997,6167297820484
73312940,103997,9334231707157
73312941,103997,7480828738041
73312942,103997,3757512544085
73312943,103997,2533671283826
73312944,103997,8651617488051
73408861,154760,8550690419696
73409323,154760,5476887931488
73505157,61,1586217648994
73505159,61,6283173266365
73505161,61,5112629225131
73525975,67362,3114697963726
73525977,67362,2080000116985
73525979,67362,2215872725540
73525981,67362,6052718102228
73525983,67362,4518907089265
73610304,154298,4171426066980
73610306,154298,2619829842050
73610308,154298,8125579629604
73610310,154298,8752308460902
73610312,154298,5773741682006
73610314,154298,4241698692252
73628367,61,4358338371207
73628372,61,3157459497572
73628374,61,2664481628481
73661295,479,7306005293212
73666828,61,7116519747268
73666830,61,3962265645891
73666832,61,5759847844432
73667183,61,3059419501032
73667185,61,7641751733576
73667187,61,1345789753976
73679838,154298,7628100767840
73679840,154298,8213630740587
73679842,154298,6025156398669
73679844,154298,4605536042126
73679846,154298,7133703008042
73679848,154298,6196161667085
73682600,105102,2108741382466
73682604,105102,1394548823238
73682607,105102,9101833005130
73682610,105102,5303326813077
73727143,154298,4404765549457
73727145,154298,7091376503694
73727147,154298,1665255190983
73727149,154298,9375385916552
73727151,154298,1089138889724
73727153,154298,2482493270135
73727155,154298,2194596078074
73727157,154298,1387636040310
73727159,154298,8797741518940
73727161,154298,2142262839139
73727163,154298,2137309673326
73727165,154298,9927368208705
73732859,11790,6998241599190
73732861,11790,2304029103123
73732863,11790,1030757934258
73732865,11790,2879794758514
73732867,11790,6950945877493
73814817,47623,8283022022942
73814819,47623,7445035672441
73814821,47623,7948589563611
73814823,47623,6047179175621
73814934,47623,7325596597721
73814936,47623,3952254795942
73814938,47623,3360706583557
73815074,47623,8695097542780
73815076,47623,3301136368574
73815078,47623,7635293696970
73815080,47623,8862282077062
73815726,47623,6090571733265
73815728,47623,8452000585438
73815730,47623,9823598261766
73815732,47623,9706138811488
73819286,47623,1058505757331
73819288,47623,9368006347477
73819290,47623,7347365522925
73819292,47623,1402727070066
73824836,47623,8704695308572
73824838,47623,6262066372604
73824840,47623,1456923247487
73824842,47623,1217667711340
73825022,47623,1067848517779
73825024,47623,6642518476829
73825026,47623,5495789005400
73825151,47623,4254148558237
73825153,47623,8958602100081
73825155,47623,8624364851225
73825250,47623,5407667368262
73825252,47623,1316376563902
73825254,47623,1954649319810
73825256,47623,8400844002680
73825258,47623,7893649840259
73825260,47623,6583459327224
73825465,47623,8753718694345
73825467,47623,4114810402490
73825469,47623,9481074574795
73825471,47623,2635053138912
73827029,47623,3653842855825
73827031,47623,9160832789229
73827033,47623,7569833066094
73827035,47623,9863389534969
73827037,47623,8348672882435
73827039,47623,1755312265775
73827041,47623,3174992977545
73827043,47623,8486242150048
73828502,47623,5594119902454
73828504,47623,8962992831753
73828506,47623,3503820822335
73828508,47623,6951133686132
73834836,103997,5467498200919
73834840,103997,8010807180111
73834844,103997,3992988922191
73834846,103997,7628062503371
73858212,479,7658936434999
73887007,154298,8340974854929
73887009,154298,5950693461686
73887011,154298,1221671627436
73887013,154298,5378073185487
73887015,154298,7917039559436
73887017,154298,2743388053449
73887019,154298,5242048463361
73887021,154298,2670820510843
73887023,154298,4423378200050
73887025,154298,9861253187273
73887027,154298,6961222854953
73887029,154298,6096925096437
73887031,154298,4840283622249
73887033,154298,3605362951303
73887395,154298,9617815258703
73887397,154298,9422882151839
73887399,154298,4059928264236
73887401,154298,9672947384850
73887403,154298,4377468090291
73887405,154298,3533123474016
73936915,133754,4075372931807
73936919,133754,9350624943247
74029042,52441,6856465565165
74035680,2359,6144213889176
74035682,2359,6432303784006
74035684,2359,9788872548097
74209157,128146,3838361620356
74209158,128146,3710628819607
74266786,159303,7848886674846
74266788,159303,2864948075227
74266790,159303,7252277208679
74266792,159303,5773810142196
74266794,159303,4105683665624
74292583,56870,6250338129735
74292585,56870,2409925931921
74301057,1,8787292083615
74301059,1,6442395959756
74301061,1,3397468412870
74301063,1,2197207262848
74301065,1,1951141066686
74301068,1,6435104708158
74301070,1,1046850494513
74301072,1,8735392842380
74301162,159303,2606749487874
74301164,159303,5559749165778
74301166,159303,7016138277255
74301168,159303,2405500202585
74301170,159303,4775639211528
74306510,56870,8397439357297
74306512,56870,1833198193280
74329278,2359,5293943046418
74329280,2359,8167832687761
74329334,2359,1238398824215
74329336,2359,4235647566930
74329338,2359,7012125484316
74341979,103997,1780105841911
74341989,103997,8393176915677
74341991,103997,4197594829677
74349346,56870,6324710521681
74349348,56870,6846412918342
74363786,160944,1358692408109
74363788,160944,9187824621206
74380552,57092,3165188180122
74380637,57092,9531041045282
74386608,16539,8873737612226
74386610,16539,3814583461847
74386612,16539,4245801476463
74386614,16539,2980610138844
74386616,16539,7542007932760
74386618,16539,1981555475644
74419411,105087,5448949750894
74419412,105087,5042549585155
74419413,105087,2826034223684
74419414,105087,4125141579751
74419415,105087,9688312062780
74419416,105087,3786402252076
74419417,105087,4072066555547
74419418,105087,6646574792046
74566560,1,8955843333254
74566562,1,4755073833258
74679536,101022,4155116488627
74679538,101022,1441546654910
74679540,101022,2460804811390
74679542,101022,6310030599417
74679544,101022,4598763072021
74679546,101022,7490207187544
74679548,101022,3651451755512
74679550,101022,2543803303858
74679552,101022,4176397251069
74679554,101022,6535287030548
74679556,101022,1724687759592
74679558,101022,4311933815637
74679560,101022,2262553390443
74679562,101022,9771967358947
74679564,101022,7817771642567
74679566,101022,4964647842972
74679568,101022,3050188213454
74679570,101022,9648169837245
74685412,69713,9163152418244
74858655,10509,4826151484904
74858657,10509,6001329390593
74860103,16803,7339728417511
74860105,16803,7000664828289
74860107,16803,2592698244821
74942300,1,2698458227483
74942301,1,8163881318076
74942302,1,7634195751602
74942303,1,7605732554253
74973986,102716,7270927268125
74973987,102716,7042736881655
74975861,57092,6491064341910
74975863,57092,2679991733761
74975865,57092,5898999033483
74975866,57092,2023596290707
75028307,105087,1636473514424
75028309,105087,8659698805781
75028311,105087,7706303570884
75028313,105087,9798017167175
75069299,34877,1268949785948
75069301,34877,7570719901088
75069303,34877,9842658548401
75329172,105087,7204774158902
75331233,161333,3625367677640
75331235,161333,2453491318822
75331237,161333,5158348389846
75331239,161333,1005734981105
75331241,161333,9580816464827
75331243,161333,5407353224674
75331245,161333,5922001413489
75331247,161333,4947360042065
75331249,161333,2102887759076
75331251,161333,3349943472145
75331253,161333,3527343308008
75331255,161333,9522146267563
75331257,161333,8987858565108
75331259,161333,4958718992796
75331272,105087,3806710868643
75331274,105087,8841253575493
75331278,105087,5054237376303
75331280,105087,9907783335972
75331284,105087,1493878616746
75331290,105087,8448872476172
75370710,105587,1025725999506
75370738,105587,5557582900778
75370770,105587,6915381664281
75370802,105587,9394750413847
75370836,105587,5455318943368
75370870,105587,9030785542526
75370899,105587,6024328689413
75370929,105587,1278075712237
75381127,103997,5881824523839
75381135,103997,4309039014184
75381139,103997,8259294908093
75381141,103997,1914030455299
75427672,1,1686193448936
75427674,1,6173510824511
75603688,159303,3038250924781
75603690,159303,5698119391352
75603692,159303,7789903266500
75604522,159303,8056740689472
75604524,159303,3913608166450
75604526,159303,1444056475051
75612628,159303,2421536072503
75612630,159303,7013815338377
75612632,159303,2815805440900
75615493,159303,5814253966786
75615495,159303,6613060096551
75615497,159303,6923190456508
75617839,159303,6821219995871
75617841,159303,6377911905651
75617843,159303,1290376238049
75628554,48739,8962978133116
75631394,141813,6638810758015
75701347,152670,4787289805613
75701349,152670,3318658551544
75701351,152670,7134449908641
75704665,162900,2674161023444
75704667,162900,3390036765224
75704669,162900,1838879023986
75704671,162900,4737128480754
75704673,162900,2448939953772
75704675,162900,2673033114686
75704677,162900,2819845474260
75704679,162900,9146098635777
75704681,162900,1502443596335
75704683,162900,7125498124236
75704685,162900,1458873343905
75704687,162900,6303844671356
75704689,162900,6069282771903
75704691,162900,4797846045895
75704693,162900,7302554704452
75704695,162900,6344763860926
75704697,162900,8489479601482
75704699,162900,1864260184493
75704701,162900,7374877475302
75704703,162900,7261353730553
75704705,162900,3592217735600
75704707,162900,1865439546029
75704709,162900,7290435494144
75704711,162900,3423029415582
75704713,162900,9694703872531
75704715,162900,8227903052765
75704717,162900,2628522057074
75704719,162900,2419289150548
75704721,162900,6108672086941
75704723,162900,9652328644193
75704747,162900,7904165060516
75704749,162900,3747769936504
75704751,162900,9936258358369
75704753,162900,7412460695352
75704755,162900,1077881700861
75704757,162900,5428314701195
75704759,162900,3500670548828
75704761,162900,8068768845525
75704763,162900,3069213443339
75704765,162900,1672507157571
75704767,162900,8521799389852
75704769,162900,8332215114121
75704771,162900,6063239641356
75704773,162900,8489945971880
75704775,162900,6540322088811
75704777,162900,9848065149132
75704779,162900,2679547990280
75704781,162900,4941750691215
75704783,162900,1779288249980
75704785,162900,9552845321778
75704787,162900,4852165999387
75704789,162900,1133864313067
75704791,162900,3371350856096
75704793,162900,3579525644794
75704795,162900,6563867167841
75704797,162900,3790790646270
75704799,162900,7926369909958
75704801,162900,8291905387989
75704803,162900,2003254130996
75704805,162900,1973015884479
75706898,162900,2512423669279
75706900,162900,7433454124115
75706902,162900,9606350281017
75706904,162900,7637559678362
75706906,162900,8772237352321
75706908,162900,5756297490905
75706910,162900,2390314475761
75706912,162900,2805275719149
75706914,162900,1953549376114
75706916,162900,2266818212396
75706918,162900,1930671622357
75706920,162900,8089813526039
75706922,162900,9122791886951
75706924,162900,8548883908874
75706926,162900,6704951560654
75706928,162900,7780898527829
75706930,162900,5181741917118
75706932,162900,6106697486371
75706934,162900,9259149980495
75706936,162900,3747242006571
75767328,156093,4840812919642
75767329,156093,8396920920996
75767330,156093,3390504877527
75767331,156093,9663337771848
75767332,156093,2657913733853
75767333,156093,3705974224427
75767334,156093,8024530857455
75767335,156093,2118672253636
75767336,156093,1888911127608
75767337,156093,5089739815920
75767338,156093,8924242963867
75767339,156093,4453759586428
75767340,156093,9560227337057
75767341,156093,1565648246061
75767342,156093,9344010058462
75767343,156093,7279788828196
75950578,150916,9952838843681
75950580,150916,4804748509803
75950582,150916,7349436207281
75950584,150916,9398076393371
75950586,150916,2404972541864
75950588,150916,7948046437486
75950590,150916,2777872792231
75950592,150916,1535839765534
75950594,150916,4728687786074
75950596,150916,4253997562235
75950598,150916,5588329430449
75950600,150916,5189209744627
75950602,150916,8550040036726
75950604,150916,7909771778640
75955161,103997,9057262338632
75955163,103997,3695962232841
75955165,103997,8439740995796
75955167,103997,3285867909919
75955169,103997,2052063270027
75955171,103997,8966055718517
75955173,103997,3494723300092
75955175,103997,1409166854530
75955177,103997,2753068878279
75955179,103997,3930763527230
75955181,103997,8302996926336
75955183,103997,3362615672278
75955185,103997,5950175324454
75955187,103997,7104781955627
75955189,103997,8044588405934
75955191,103997,7849461468287
75955193,103997,1554661857279
75955195,103997,7051936630338
75955197,103997,3665247084359
75955199,103997,6053525991289
75955201,103997,6498786501288
75955203,103997,6273238011764
75955205,103997,4194327690238
75955207,103997,6475345224246
75955209,103997,2420440556338
75955211,103997,2610606209615
75955213,103997,6921637438261
75955215,103997,9713709127985
75955217,103997,3227049574522
75955219,103997,6243881454706
75955221,103997,8989774562643
75955223,103997,6494460206272
75955225,103997,5279936003583
75955227,103997,3984844460169
75955229,103997,7150813344198
76021840,164020,8794112180492
76021841,164020,4500930034817
76041925,90074,8437238293959
76071134,12632,2878675485495
76071510,12632,9052158789703
76116549,479,8426530726562
76116550,479,2355865798400
76117082,479,5182728856048
76152497,35488,4730394268231
76160611,53503,6952658535301
76160613,53503,7077276146438
76160615,53503,5934397487982
76160617,53503,8531295159194
76160619,53503,4375161572700
76160621,53503,1653541796674
76160794,1189,3652293402305
76160796,1189,2636228246005
76160798,1189,1870517657153
76160800,1189,1922147993498
76160872,53503,3379681033889
76160874,53503,9449088126089
76160876,53503,5705562711863
76160878,53503,3001938325330
76160880,53503,2249792062119
76162094,53503,8062548499335
76162096,53503,2961928538687
76162098,53503,9101165789005
76162100,53503,4917054570211
76162102,53503,6653880459563
76169580,2626,3226154581784
76169582,2626,9121362148795
76215958,53503,4142720559645
76215960,53503,8008982792182
76215962,53503,2775657281987
76215964,53503,2325858126763
76215966,53503,4571326657200
76261882,53503,7785935704034
76261884,53503,4107030569487
76261886,53503,9268117503284
76261888,53503,7412060480853
76270983,154298,5702823229006
76282441,67362,9871043657596
76282443,67362,6828105319889
76282445,67362,7214325966740
76282447,67362,1076711399695
76282449,67362,3653630521765
76282451,67362,5523695712461
76282453,67362,9520518506302
76282455,67362,1082021777566
76282457,67362,2190612278060
76282463,67362,7165358309342
76282465,67362,2443585992724
76282467,67362,9257654007188
76282469,67362,3534988336785
76282471,67362,3698272071179
76282473,67362,8776719678589
76309948,53503,4641757769299
76370590,479,3257575532420
76378235,3587,2747633099695
76378237,3587,5342131611225
76378239,3587,8734440925716
76378241,3587,4163752711634
76378243,3587,3550629613039
76378245,3587,4990758709774
76378247,3587,5144338630609
76385452,10227,6404833883009
76385454,10227,7617794109265
76385456,10227,7330710759831
76385458,10227,5424975997038
76393913,10227,4459375735929
76393915,10227,9411365651072
76393917,10227,3947978870655
76393919,10227,8195661290883
76402235,64377,7094511069529
76402237,64377,2632376067448
76402239,64377,1850562080199
76402241,64377,8373840968857
76402243,64377,4139186532008
76403232,10227,9925568190226
76403234,10227,1048026191714
76403236,10227,2624370555427
76403238,10227,6785496471827
76406359,10227,7501528646464
76406361,10227,9625892860818
76406363,10227,8951720482459
76406365,10227,9951472131765
76435525,103997,6695678152584
76435527,103997,4195573856393
76435545,103997,8978121479932
76435547,103997,5340216303959
76449338,141813,6272921506716
76454906,912,6855670501326
76454908,912,6988157582454
76454910,912,1943655854941
76454912,912,6930534346951
76467508,40500,6500154231908
76467512,40500,4902825345044
76467516,40500,2118529570282
76467520,40500,8481793631886
76467525,40500,6653203343760
76467528,40500,5014526738014
76467530,40500,8181289679322
76467534,40500,8334056581889
76526432,12632,2600286218571
76526440,12632,3229086108333
76526443,12632,9689302859892
76543521,151341,2552312299538
76543523,151341,6806879515355
76543525,151341,6360621975656
76543790,151341,7679211767984
76543792,151341,4037351730689
76543794,151341,2933028177721
76543796,151341,4770174819383
76543798,151341,1938980188304
76543800,151341,4814860049880
76543802,151341,1457523953273
76543804,151341,3314168206257
76544588,151341,3326840584126
76544590,151341,9870099453305
76551924,105087,3474812552779
76551925,105087,9527792945926
76551926,105087,1633841648293
76551927,105087,4199923707823
76551928,105087,4810345082199
76551929,105087,7216802012896
76551930,105087,9409842313490
76551931,105087,7695424023709
76551932,105087,1993693925448
76551933,105087,1682143528468
76551934,105087,4554395107463
76551935,105087,6008081523801
76551936,105087,4715144293657
76551937,105087,4654320228048
76563772,105087,9091619228900
76563773,105087,4513422472134
76563774,105087,6593175822545
76563775,105087,3489108821590
76563776,105087,6975502747361
76563777,105087,7122975957554
76563778,105087,9228755177117
76563779,105087,2048208517799
76563780,105087,5542225825525
76563781,105087,3042227870117
76563782,105087,3869400274292
76563783,105087,9066835513772
76563784,105087,1780527432490
76563785,105087,8943126733457
76564307,105087,7685018329669
76564308,105087,2239820877655
76564309,105087,6182423049225
76564310,105087,5018787397171
76564311,105087,3028488553686
76564312,105087,3156876053514
76564313,105087,3460618505538
76564314,105087,5354877930126
76564315,105087,5274347220192
76564316,105087,5670104626892
76564317,105087,3290235514275
76564318,105087,6739951584409
76564319,105087,1659457336775
76564320,105087,7575090690613
76595636,151341,4717741137327
76595973,151341,1558904401137
76595975,151341,1403615528867
76595977,151341,9499506530424
76595979,151341,6341083758094
76595981,151341,8264880118060
76596509,151341,3396623213505
76596511,151341,3885509225591
76596513,151341,8982909506703
76596515,151341,3849444642394
76596517,151341,9906230705122
76596519,151341,6082978442772
76596521,151341,2323546042906
76596523,151341,9199619400699
76656710,479,9413694290293
76656748,479,3752944763434
76658519,151341,8338836048210
76658521,151341,4201930359286
76658523,151341,1590303885793
76666578,151341,2079455169225
76666580,151341,9108024064190
76666582,151341,2764696092567
76666584,151341,6077512609776
76666586,151341,9772349674592
76666588,151341,5515821324111
76666590,151341,4449827768844
76666592,151341,5959200161720
76666818,151341,1391070940430
76677075,2359,8440768269373
76677077,2359,1080655359282
76677135,2359,2699661171192
76677137,2359,9036006938157
76688658,6837,3379948588087
76688659,6837,7607083002117
76688660,6837,4084657665980
76688661,6837,2806778321053
76688662,6837,6412563504636
76688663,6837,3783424112698
76688664,6837,7854559738870
76688665,6837,9455973789500
76688666,6837,3568147870862
76688667,6837,5642582381268
76725380,12632,9778122569482
76725566,12632,4157871197981
76725568,12632,5551762898831
76725570,12632,8390975514082
76726576,111776,5077969010982
76748897,61886,3204941246676
76748898,61886,1437268972221
76748899,61886,2410654066968
76748900,61886,5365928772752
76748901,61886,3966483382794
76748902,61886,4482378107498
76748903,61886,2789000414522
76748904,61886,4565796407095
76756388,165772,9043477701562
76756389,165772,3996816233125
76775972,148660,1860555487576
76775973,148660,5063443210731
76775974,148660,2640203559018
76775975,148660,6495082846176
